{
    "now": "2024-07-30T06:01:30.003Z",
    "perfNow": 97482.69999998808,
    "diagnosticCorrelation": "07796613-5347-416e-8a50-2f2400e63ac7",
    "source": "DownloadSupportFiles",
    "environment": {
        "productName": "adf",
        "buildVersion": "1.0.070524.6",
        "environmentType": 3,
        "resourceName": "tdhphbnpuadf01",
        "resourceRegion": "australiaeast",
        "resourceGroup": "TDHPHB-NPU-APPS-Zone-RG",
        "subscriptionId": "de26d6a1-4882-4e66-b71f-28bf498696df",
        "sessionId": "qrgD0iGK8slN5ZbtyAtDrW",
        "operationId": "",
        "gitType": "live",
        "loggingKey": "b3a800f7-d321-4262-9ceb-1049e3593e56"
    },
    "additionalInfo": {
        "selectedResource": "PL_AMD_ALM_EQUIP_LOAD_STAGE_3",
        "selectedResourceType": "pipeline"
    }
}