{
    "name": "TR_ALM_STAGE3",
    "properties": {
        "annotations": [],
        "runtimeState": "Started",
        "pipelines": [
            {
                "pipelineReference": {
                    "referenceName": "PL_AMD_ALM_EQUIP_LOAD_STAGE_3",
                    "type": "PipelineReference"
                },
                "parameters": {
                    "P_JOB_ID": "690353103177440",
                    "P_WORKSPACE_ID": "adb-660112404287764.4"
                }
            }
        ],
        "type": "BlobEventsTrigger",
        "typeProperties": {
            "blobPathBeginsWith": "/tdhphblandint/blobs/Equip/ALM/triggers/stage_2/next_stage_trigger.txt",
            "ignoreEmptyBlobs": false,
            "scope": "/subscriptions/de26d6a1-4882-4e66-b71f-28bf498696df/resourceGroups/TDHPHB-NPU-DATA-Zone-RG/providers/Microsoft.Storage/storageAccounts/tdhphbnpulandin01",
            "events": [
                "Microsoft.Storage.BlobCreated"
            ]
        }
    }
}