{
    "name": "PL_AMD_ALM_EQUIP_LOAD_STAGE_3",
    "properties": {
        "activities": [
            {
                "name": "SET SOURCE NAME",
                "type": "SetVariable",
                "dependsOn": [],
                "policy": {
                    "secureOutput": false,
                    "secureInput": false
                },
                "userProperties": [],
                "typeProperties": {
                    "variableName": "V_SOURCE_NAME",
                    "value": {
                        "value": "@pipeline().parameters.P_SOURCE_NAME",
                        "type": "Expression"
                    }
                }
            },
            {
                "name": "LOOKUP META DETAILS",
                "type": "Lookup",
                "dependsOn": [
                    {
                        "activity": "SET YESTERDAY DATE",
                        "dependencyConditions": [
                            "Succeeded"
                        ]
                    }
                ],
                "policy": {
                    "timeout": "0.12:00:00",
                    "retry": 0,
                    "retryIntervalInSeconds": 30,
                    "secureOutput": false,
                    "secureInput": false
                },
                "userProperties": [],
                "typeProperties": {
                    "source": {
                        "type": "DelimitedTextSource",
                        "storeSettings": {
                            "type": "AzureBlobStorageReadSettings",
                            "recursive": true,
                            "enablePartitionDiscovery": false
                        },
                        "formatSettings": {
                            "type": "DelimitedTextReadSettings",
                            "skipLineCount": 1
                        }
                    },
                    "dataset": {
                        "referenceName": "DS_TPL_BLOB_CSV_BRONZE_RAW",
                        "type": "DatasetReference",
                        "parameters": {
                            "DIRECTORY_NAME": {
                                "value": "@pipeline().parameters.P_SOURCE_NAME",
                                "type": "Expression"
                            },
                            "FILE_NAME": {
                                "value": "@pipeline().parameters.P_INGEST_META",
                                "type": "Expression"
                            },
                            "P_COLUMN_DELIMITER": {
                                "value": "@pipeline().parameters.P_COLUMN_DELIMITER",
                                "type": "Expression"
                            }
                        }
                    },
                    "firstRowOnly": false
                }
            },
            {
                "name": "LOOP META DETAILS",
                "type": "ForEach",
                "dependsOn": [
                    {
                        "activity": "LOOKUP META DETAILS",
                        "dependencyConditions": [
                            "Succeeded"
                        ]
                    }
                ],
                "userProperties": [],
                "typeProperties": {
                    "items": {
                        "value": "@activity('LOOKUP META DETAILS').output.value",
                        "type": "Expression"
                    },
                    "activities": [
                        {
                            "name": "CHECK IF SOURCE IS_ENABLED",
                            "type": "IfCondition",
                            "dependsOn": [],
                            "userProperties": [],
                            "typeProperties": {
                                "expression": {
                                    "value": "@equals(string(item().Prop_11), '1')",
                                    "type": "Expression"
                                },
                                "ifTrueActivities": [
                                    {
                                        "name": "CONVERT LANDING PARQUET FILE TO BRONZE RAW PARQUET",
                                        "type": "Copy",
                                        "dependsOn": [],
                                        "policy": {
                                            "timeout": "7.00:00:00",
                                            "retry": 0,
                                            "retryIntervalInSeconds": 30,
                                            "secureOutput": false,
                                            "secureInput": false
                                        },
                                        "userProperties": [],
                                        "typeProperties": {
                                            "source": {
                                                "type": "BinarySource",
                                                "storeSettings": {
                                                    "type": "AzureBlobFSReadSettings",
                                                    "recursive": true,
                                                    "deleteFilesAfterCompletion": false
                                                },
                                                "formatSettings": {
                                                    "type": "BinaryReadSettings"
                                                }
                                            },
                                            "sink": {
                                                "type": "BinarySink",
                                                "storeSettings": {
                                                    "type": "AzureBlobStorageWriteSettings"
                                                }
                                            },
                                            "enableStaging": false
                                        },
                                        "inputs": [
                                            {
                                                "referenceName": "DS_TPL_BLOB_PARQUET_EXT_BIN",
                                                "type": "DatasetReference",
                                                "parameters": {
                                                    "P_DIRECTORY_NAME": {
                                                        "value": "@if(\n    not(equals(pipeline().parameters.LOAD_TYPE, null)),\n    concat(string(item().Prop_1), pipeline().parameters.LOAD_TYPE),\n    concat(string(item().Prop_1), '/delta/', variables('YESTERDAY'))\n)\n",
                                                        "type": "Expression"
                                                    }
                                                }
                                            }
                                        ],
                                        "outputs": [
                                            {
                                                "referenceName": "DS_TPL_BLOB_BINARY_LANDING",
                                                "type": "DatasetReference",
                                                "parameters": {
                                                    "P_DIRECTORY_NAME": {
                                                        "value": "@if(\n    not(equals(pipeline().parameters.LOAD_TYPE, null)),\n    concat(string(item().Prop_1), pipeline().parameters.LOAD_TYPE),\n    concat(string(item().Prop_1), '/delta/', variables('YESTERDAY'))\n)\n",
                                                        "type": "Expression"
                                                    }
                                                }
                                            }
                                        ]
                                    },
                                    {
                                        "name": "DELETE SOURCE FILES",
                                        "type": "Delete",
                                        "dependsOn": [
                                            {
                                                "activity": "CONVERT LANDING PARQUET FILE TO BRONZE RAW PARQUET",
                                                "dependencyConditions": [
                                                    "Succeeded"
                                                ]
                                            }
                                        ],
                                        "policy": {
                                            "timeout": "0.12:00:00",
                                            "retry": 0,
                                            "retryIntervalInSeconds": 30,
                                            "secureOutput": false,
                                            "secureInput": false
                                        },
                                        "userProperties": [],
                                        "typeProperties": {
                                            "dataset": {
                                                "referenceName": "DS_TPL_BLOB_PARQUET_EXT_BIN",
                                                "type": "DatasetReference",
                                                "parameters": {
                                                    "P_DIRECTORY_NAME": {
                                                        "value": "@if(\n    not(equals(pipeline().parameters.LOAD_TYPE, null)),\n    concat(string(item().Prop_1), pipeline().parameters.LOAD_TYPE),\n    concat(string(item().Prop_1), '/delta/', variables('YESTERDAY'))\n)\n",
                                                        "type": "Expression"
                                                    }
                                                }
                                            },
                                            "enableLogging": false,
                                            "storeSettings": {
                                                "type": "AzureBlobFSReadSettings",
                                                "recursive": true,
                                                "enablePartitionDiscovery": false
                                            }
                                        }
                                    },
                                    {
                                        "name": "RUN DATABRICKS WORKFLOW_TABLE",
                                        "type": "WebActivity",
                                        "dependsOn": [
                                            {
                                                "activity": "DELETE SOURCE FILES",
                                                "dependencyConditions": [
                                                    "Succeeded"
                                                ]
                                            }
                                        ],
                                        "policy": {
                                            "timeout": "0.12:00:00",
                                            "retry": 0,
                                            "retryIntervalInSeconds": 30,
                                            "secureOutput": false,
                                            "secureInput": false
                                        },
                                        "userProperties": [],
                                        "typeProperties": {
                                            "method": "POST",
                                            "url": {
                                                "value": "@concat('https://',pipeline().parameters.P_WORKSPACE_ID,'.azuredatabricks.net/api/2.1/jobs/run-now')",
                                                "type": "Expression"
                                            },
                                            "connectVia": {
                                                "referenceName": "TDHPHB-SHIR-01",
                                                "type": "IntegrationRuntimeReference"
                                            },
                                            "body": {
                                                "value": "@concat('{\n  \"job_id\": \"', pipeline().parameters.P_JOB_ID, '\",\n  \"job_parameters\": {\n      \"SOURCE_NAME\": \"', item().Prop_1, '\",\n      \"PIPELINE_RUN_ID\": \"', pipeline().RunId, '\", \n      \"SCHEMA_NAME\": \"', pipeline().parameters.P_SCHEMA_NAME, '\",\n      \"load_type\": \"', pipeline().parameters.LOAD_TYPE, '\"\n  }\n}')",
                                                "type": "Expression"
                                            },
                                            "authentication": {
                                                "type": "MSI",
                                                "resource": "2ff814a6-3304-4ab8-85cb-cd0e6f879c1d"
                                            }
                                        }
                                    }
                                ]
                            }
                        }
                    ]
                }
            },
            {
                "name": "SET YESTERDAY DATE",
                "type": "SetVariable",
                "dependsOn": [
                    {
                        "activity": "SET SOURCE NAME",
                        "dependencyConditions": [
                            "Succeeded"
                        ]
                    }
                ],
                "policy": {
                    "secureOutput": false,
                    "secureInput": false
                },
                "userProperties": [],
                "typeProperties": {
                    "variableName": "YESTERDAY",
                    "value": {
                        "value": "@formatDateTime(addhours(utcNow(), -14), 'yyyyMMdd')",
                        "type": "Expression"
                    }
                }
            },
            {
                "name": "DELETE TRIGGER FILES",
                "type": "Delete",
                "dependsOn": [
                    {
                        "activity": "LOOP META DETAILS",
                        "dependencyConditions": [
                            "Completed"
                        ]
                    }
                ],
                "policy": {
                    "timeout": "0.12:00:00",
                    "retry": 0,
                    "retryIntervalInSeconds": 30,
                    "secureOutput": false,
                    "secureInput": false
                },
                "userProperties": [],
                "typeProperties": {
                    "dataset": {
                        "referenceName": "DS_BLOB_BIN_LANDINT_TRIGGER_STG3",
                        "type": "DatasetReference"
                    },
                    "enableLogging": false,
                    "storeSettings": {
                        "type": "AzureBlobStorageReadSettings",
                        "recursive": true,
                        "wildcardFileName": "*",
                        "enablePartitionDiscovery": false
                    }
                }
            }
        ],
        "parameters": {
            "P_SOURCE_NAME": {
                "type": "string",
                "defaultValue": "Equip/ALM/equip_alm_ingest_meta/stage_3"
            },
            "P_JOB_ID": {
                "type": "string",
                "defaultValue": "690353103177440"
            },
            "P_WORKSPACE_ID": {
                "type": "string",
                "defaultValue": "adb-660112404287764.4"
            },
            "P_SCHEMA_NAME": {
                "type": "string",
                "defaultValue": "asset_lifecycle_mgmt"
            },
            "P_COLUMN_DELIMITER": {
                "type": "string",
                "defaultValue": ","
            },
            "P_INGEST_META": {
                "type": "string",
                "defaultValue": "equip_alm_ingest_meta.csv"
            },
            "LOAD_TYPE": {
                "type": "string"
            }
        },
        "variables": {
            "V_SOURCE_NAME": {
                "type": "String"
            },
            "SOURCE_NAME": {
                "type": "String"
            },
            "YESTERDAY": {
                "type": "String"
            },
            "IS_ENABLED": {
                "type": "String"
            }
        },
        "folder": {
            "name": "AMD_Asset_Lifecycle_Management/Equip"
        },
        "annotations": [],
        "lastPublishTime": "2024-07-25T23:36:10Z"
    },
    "type": "Microsoft.DataFactory/factories/pipelines"
}