{
    "name": "LS_BLOB_LANDING_EXT",
    "type": "Microsoft.DataFactory/factories/linkedservices",
    "properties": {
        "parameters": {
            "StorageAccount": {
                "type": "string",
                "defaultValue": "https://tdhphbnpdlandex01.dfs.core.windows.net/"
            }
        },
        "annotations": [],
        "type": "AzureBlobFS",
        "typeProperties": {
            "url": "https://tdhphbnpulandex01.dfs.core.windows.net/"
        },
        "connectVia": {
            "referenceName": "TDHPHB-SHIR-01",
            "type": "IntegrationRuntimeReference"
        }
    }
}