{
    "name": "LS_BLOB_LANDING",
    "type": "Microsoft.DataFactory/factories/linkedservices",
    "properties": {
        "parameters": {
            "StorageAccount": {
                "type": "string",
                "defaultValue": "https://tdhphbnpdlandin01.blob.core.windows.net/"
            }
        },
        "annotations": [],
        "type": "AzureBlobStorage",
        "typeProperties": {
            "serviceEndpoint": "https://tdhphbnpulandin01.blob.core.windows.net/",
            "accountKind": "StorageV2"
        },
        "connectVia": {
            "referenceName": "TDHPHB-SHIR-01",
            "type": "IntegrationRuntimeReference"
        }
    }
}