{
    "name": "DS_BLOB_BIN_LANDINT_TRIGGER_STG3",
    "properties": {
        "linkedServiceName": {
            "referenceName": "LS_BLOB_LANDING",
            "type": "LinkedServiceReference",
            "parameters": {
                "StorageAccount": "https://tdhphbnpdlandin01.blob.core.windows.net/"
            }
        },
        "folder": {
            "name": "Control Framework Templates"
        },
        "annotations": [],
        "type": "Binary",
        "typeProperties": {
            "location": {
                "type": "AzureBlobStorageLocation",
                "folderPath": {
                    "value": "Equip/ALM/triggers/stage_2",
                    "type": "Expression"
                },
                "container": "tdhphblandint"
            }
        }
    },
    "type": "Microsoft.DataFactory/factories/datasets"
}