{
    "name": "DS_TPL_BLOB_PARQUET_EXT_BIN",
    "properties": {
        "linkedServiceName": {
            "referenceName": "LS_BLOB_LANDING_EXT",
            "type": "LinkedServiceReference",
            "parameters": {
                "StorageAccount": "https://tdhphbnpdlandex01.dfs.core.windows.net/"
            }
        },
        "parameters": {
            "P_DIRECTORY_NAME": {
                "type": "string"
            }
        },
        "folder": {
            "name": "AMD_Asset_Lifecycle_Management"
        },
        "annotations": [],
        "type": "Binary",
        "typeProperties": {
            "location": {
                "type": "AzureBlobFSLocation",
                "folderPath": {
                    "value": "@dataset().P_DIRECTORY_NAME",
                    "type": "Expression"
                },
                "fileSystem": "tdhphblandext"
            }
        }
    },
    "type": "Microsoft.DataFactory/factories/datasets"
}