{
    "name": "DS_TPL_BLOB_CSV_BRONZE_RAW",
    "properties": {
        "linkedServiceName": {
            "referenceName": "LS_BLOB_BRONZE_RAW_STR",
            "type": "LinkedServiceReference",
            "parameters": {
                "StorageAccount": "https://tdhphbnpdrawstr01.blob.core.windows.net/"
            }
        },
        "parameters": {
            "DIRECTORY_NAME": {
                "type": "string"
            },
            "FILE_NAME": {
                "type": "string"
            },
            "P_COLUMN_DELIMITER": {
                "type": "string"
            }
        },
        "folder": {
            "name": "Control Framework"
        },
        "annotations": [],
        "type": "DelimitedText",
        "typeProperties": {
            "location": {
                "type": "AzureBlobStorageLocation",
                "fileName": {
                    "value": "@dataset().FILE_NAME",
                    "type": "Expression"
                },
                "folderPath": {
                    "value": "@dataset().DIRECTORY_NAME",
                    "type": "Expression"
                },
                "container": "tdhphbrawstrt"
            },
            "columnDelimiter": {
                "value": "@dataset().P_COLUMN_DELIMITER",
                "type": "Expression"
            },
            "escapeChar": "\\",
            "firstRowAsHeader": false,
            "quoteChar": "\""
        },
        "schema": [
            {
                "type": "String"
            },
            {
                "type": "String"
            },
            {
                "type": "String"
            },
            {
                "type": "String"
            },
            {
                "type": "String"
            }
        ]
    },
    "type": "Microsoft.DataFactory/factories/datasets"
}