{
    "name": "DS_TPL_BLOB_BINARY_LANDING",
    "properties": {
        "linkedServiceName": {
            "referenceName": "LS_BLOB_LANDING",
            "type": "LinkedServiceReference",
            "parameters": {
                "StorageAccount": "https://tdhphbnpdlandin01.blob.core.windows.net/"
            }
        },
        "parameters": {
            "P_DIRECTORY_NAME": {
                "type": "String"
            }
        },
        "folder": {
            "name": "Control Framework Templates"
        },
        "annotations": [],
        "type": "Binary",
        "typeProperties": {
            "location": {
                "type": "AzureBlobStorageLocation",
                "folderPath": {
                    "value": "@dataset().P_DIRECTORY_NAME",
                    "type": "Expression"
                },
                "container": "tdhphblandint"
            }
        }
    },
    "type": "Microsoft.DataFactory/factories/datasets"
}